page,notice_id,status
1,5192208,inserted
1,5189840,inserted
1,5185568,inserted
1,5185371,inserted
1,5185338,inserted
1,5184606,inserted
1,5181226,inserted
1,5180184,inserted
1,5179851,inserted
1,5179192,inserted
1,5178904,inserted
1,5178854,inserted
1,5178601,inserted
1,5177345,inserted
1,5177252,inserted
1,5175794,inserted
1,5175684,inserted
1,5175257,inserted
1,5175156,inserted
1,5175037,inserted
1,5174895,inserted
1,5174747,inserted
1,5174627,inserted
1,5174149,inserted
1,5172919,inserted
1,5172514,inserted
1,5172331,inserted
1,5172217,inserted
1,5172141,inserted
1,5169985,inserted
1,5154589,inserted
1,5153091,inserted
1,5150497,inserted
1,5148577,inserted
1,5143956,inserted
1,4886103,inserted
1,4704460,inserted
1,5185758,inserted
1,5171539,inserted
1,5170953,inserted
1,5170948,inserted
1,5168012,inserted
1,5167294,inserted
1,5166408,inserted
1,5166110,inserted
1,5165620,inserted
1,5163071,inserted
1,5162893,inserted
1,5162536,inserted
1,5161192,inserted
1,5160438,inserted
1,5158183,inserted
1,5157832,inserted
1,5155301,inserted
1,5154262,inserted
1,5153158,inserted
1,5152792,inserted
1,5151675,inserted
1,5149879,inserted
1,5148604,inserted
1,5145940,inserted
1,5144727,inserted
1,5130212,inserted
1,5130211,inserted
1,5128861,inserted
1,5127122,inserted
1,5124198,inserted
1,5103564,inserted
1,5082532,inserted
1,4721454,inserted
1,5171319,inserted
1,5166175,inserted
1,5155197,inserted
1,5154838,inserted
1,5148441,inserted
1,5147847,inserted
1,5146558,inserted
1,5144883,inserted
1,5144559,inserted
1,5143368,inserted
1,5142120,inserted
1,5141017,inserted
1,5139915,inserted
1,5139596,inserted
1,5138097,inserted
1,5135787,inserted
1,5132469,inserted
1,5132414,inserted
1,5132171,inserted
1,5130186,inserted
1,5130116,inserted
1,5130014,inserted
1,5129974,inserted
1,5129922,inserted
1,5129519,inserted
1,5128614,inserted
1,5128233,inserted
1,5128209,inserted
1,5128187,inserted
1,5127982,inserted
2,5127018,inserted
2,5126979,inserted
2,5126931,inserted
2,5126867,inserted
2,5126731,inserted
2,5125861,inserted
2,5125442,inserted
2,5107563,inserted
2,5085266,inserted
2,5028694,inserted
2,4921244,inserted
2,4881807,inserted
2,4856352,inserted
2,5140368,inserted
2,5130942,inserted
2,5125122,inserted
2,5123952,inserted
2,5123172,inserted
2,5122681,inserted
2,5120821,inserted
2,5120459,inserted
2,5119739,inserted
2,5119171,inserted
2,5118968,inserted
2,5117589,inserted
2,5117587,inserted
2,5116887,inserted
2,5116694,inserted
2,5116665,inserted
2,5116176,inserted
2,5114352,inserted
2,5113628,inserted
2,5112934,inserted
2,5110988,inserted
2,5109643,inserted
2,5109138,inserted
2,5108806,inserted
2,5108752,inserted
2,5107480,inserted
2,5107357,inserted
2,5106626,inserted
2,5106615,inserted
2,5106496,inserted
2,5105336,inserted
2,5105259,inserted
2,5104963,inserted
2,5104312,inserted
2,5104216,inserted
2,5101773,inserted
2,5100351,inserted
2,5087391,inserted
2,5077363,inserted
2,5063884,inserted
2,5061108,inserted
2,5125645,inserted
2,5119353,inserted
2,5117500,inserted
2,5102468,inserted
2,5102233,inserted
2,5102027,inserted
2,5101089,inserted
2,5100346,inserted
2,5099904,inserted
2,5098106,inserted
2,5097932,inserted
2,5097816,inserted
2,5097799,inserted
2,5097470,inserted
2,5096964,inserted
2,5096897,inserted
2,5096824,inserted
2,5096418,inserted
2,5096145,inserted
2,5095810,inserted
2,5095262,inserted
2,5094713,inserted
2,5093757,inserted
2,5091292,inserted
2,5090900,inserted
2,5090727,inserted
2,5087654,inserted
2,5086305,inserted
2,5085771,inserted
2,5085037,inserted
2,5084726,inserted
2,5084197,inserted
2,5084153,inserted
2,5084003,inserted
2,5083949,inserted
2,5083525,inserted
2,5083210,inserted
2,5083161,inserted
2,5082557,inserted
2,5082249,inserted
2,5082232,inserted
2,5081916,inserted
2,5081361,inserted
2,5080520,inserted
2,5080311,inserted
2,5079507,inserted
3,5077585,inserted
3,5073300,inserted
3,5073171,inserted
3,5071594,inserted
3,5070040,inserted
3,5069494,inserted
3,4980779,inserted
3,4792069,inserted
3,4560263,inserted
3,4503505,inserted
3,5078634,inserted
3,5078397,inserted
3,5077985,inserted
3,5077904,inserted
3,5077861,inserted
3,5077597,inserted
3,5076489,inserted
3,5075673,inserted
3,5074808,inserted
3,5074285,inserted
3,5073624,inserted
3,5073174,inserted
3,5072372,inserted
3,5071012,inserted
3,5070381,inserted
3,5068889,inserted
3,5068631,inserted
3,5068600,inserted
3,5068453,inserted
3,5067638,inserted
3,5067166,inserted
3,5067020,inserted
3,5066965,inserted
3,5065559,inserted
3,5064832,inserted
3,5061468,inserted
3,5061269,inserted
3,5061069,inserted
3,5060596,inserted
3,5058847,inserted
3,5058809,inserted
3,5058346,inserted
3,5058130,inserted
3,5040720,inserted
3,5081521,inserted
3,5072048,inserted
3,5058930,inserted
3,5058342,inserted
3,5057260,inserted
3,5056994,inserted
3,5056811,inserted
3,5056087,inserted
3,5055740,inserted
3,5055630,inserted
3,5055411,inserted
3,5054962,inserted
3,5054754,inserted
3,5054202,inserted
3,5053745,inserted
3,5053687,inserted
3,5053574,inserted
3,5053074,inserted
3,5052941,inserted
3,5052845,inserted
3,5050543,inserted
3,5049939,inserted
3,5049726,inserted
3,5049449,inserted
3,5048194,inserted
3,5048177,inserted
3,5044475,inserted
3,5044456,inserted
3,5043876,inserted
3,5042852,inserted
3,5042595,inserted
3,5042130,inserted
3,5041989,inserted
3,5041352,inserted
3,5041166,inserted
3,5037711,inserted
3,5037446,inserted
3,5036616,inserted
3,5035850,inserted
3,5035748,inserted
3,5034074,inserted
3,5029633,inserted
3,5029436,inserted
3,5020830,inserted
3,5013406,inserted
3,4992202,inserted
3,4975787,inserted
3,4965038,inserted
3,4897461,inserted
3,4852047,inserted
3,4794481,inserted
3,4686618,inserted
3,5051464,inserted
3,5048603,inserted
3,5032771,inserted
3,5031715,inserted
4,5030946,inserted
4,5030204,inserted
4,5028885,inserted
4,5028190,inserted
4,5023207,inserted
4,5022211,inserted
4,5021624,inserted
4,5020955,inserted
4,4978834,inserted
4,4960631,inserted
4,4921310,inserted
4,4894565,inserted
4,4515058,inserted
4,5038740,inserted
4,5026303,inserted
4,5019477,inserted
4,5019458,inserted
4,5018372,inserted
4,5017765,inserted
4,5015921,inserted
4,5015277,inserted
4,5013779,inserted
4,5013179,inserted
4,5012697,inserted
4,5012093,inserted
4,5010380,inserted
4,5008293,inserted
4,5007211,inserted
4,5006424,inserted
4,5001212,inserted
4,5000760,inserted
4,5000564,inserted
4,5000560,inserted
4,5000463,inserted
4,5000042,inserted
4,4999583,inserted
4,4999061,inserted
4,4997970,inserted
4,4997774,inserted
4,4979652,inserted
4,4977369,inserted
4,4969886,inserted
4,4966059,inserted
4,4860924,inserted
4,4802258,inserted
4,4628831,inserted
4,4628665,inserted
4,4998656,inserted
4,4997754,inserted
4,4996813,inserted
4,4996771,inserted
4,4996057,inserted
4,4992966,inserted
4,4992299,inserted
4,4992189,inserted
4,4990222,inserted
4,4989685,inserted
4,4989463,inserted
4,4988955,inserted
4,4987319,inserted
4,4986700,inserted
4,4986527,inserted
4,4986335,inserted
4,4985807,inserted
4,4985667,inserted
4,4985629,inserted
4,4985231,inserted
4,4984972,inserted
4,4983822,inserted
4,4981905,inserted
4,4981213,inserted
4,4977486,inserted
4,4975684,inserted
4,4953605,inserted
4,4935020,inserted
4,4892033,inserted
4,4992889,inserted
4,4980834,inserted
4,4979908,inserted
4,4978856,inserted
4,4978459,inserted
4,4977745,inserted
4,4976371,inserted
4,4975788,inserted
4,4974835,inserted
4,4974290,inserted
4,4974066,inserted
4,4972544,inserted
4,4972001,inserted
4,4971984,inserted
4,4970827,inserted
4,4969993,inserted
4,4964190,inserted
4,4963738,inserted
4,4963702,inserted
4,4963522,inserted
4,4963275,inserted
4,4962203,inserted
4,4960649,inserted
4,4960628,inserted
5,4960456,inserted
5,4960233,inserted
5,4959142,inserted
5,4958553,inserted
5,4957657,inserted
5,4955351,inserted
5,4951017,inserted
5,4910706,inserted
5,4862746,inserted
5,4858115,inserted
5,4842076,inserted
5,4955122,inserted
5,4958574,inserted
5,4958299,inserted
5,4958202,inserted
5,4957543,inserted
5,4957162,inserted
5,4956467,inserted
5,4956405,inserted
5,4955644,inserted
5,4955164,inserted
5,4955129,inserted
5,4954734,inserted
5,4953642,inserted
5,4952835,inserted
5,4952358,inserted
5,4950098,inserted
5,4949857,inserted
5,4948723,inserted
5,4948234,inserted
5,4947290,inserted
5,4945430,inserted
5,4945283,inserted
5,4943026,inserted
5,4942296,inserted
5,4942035,inserted
5,4938703,inserted
5,4938211,inserted
5,4923099,inserted
5,4922314,inserted
5,4921970,inserted
5,4900984,inserted
5,4722257,inserted
5,4939878,inserted
5,4939670,inserted
5,4939081,inserted
5,4937294,inserted
5,4937044,inserted
5,4936788,inserted
5,4935886,inserted
5,4935263,inserted
5,4934365,inserted
5,4932654,inserted
5,4931704,inserted
5,4931193,inserted
5,4930897,inserted
5,4928101,inserted
5,4927616,inserted
5,4924884,inserted
5,4924017,inserted
5,4923026,inserted
5,4922211,inserted
5,4922161,inserted
5,4922065,inserted
5,4922031,inserted
5,4920190,inserted
5,4920096,inserted
5,4918885,inserted
5,4918447,inserted
5,4910613,inserted
5,4910293,inserted
5,4901323,inserted
5,4901094,inserted
5,4891169,inserted
5,4846415,inserted
5,4746109,inserted
5,4927927,inserted
5,4919058,inserted
5,4916469,inserted
5,4914068,inserted
5,4913886,inserted
5,4913813,inserted
5,4912932,inserted
5,4912771,inserted
5,4912418,inserted
5,4912220,inserted
5,4911271,inserted
5,4910775,inserted
5,4907658,inserted
5,4906447,inserted
5,4906389,inserted
5,4905530,inserted
5,4904243,inserted
5,4904241,inserted
5,4903389,inserted
5,4903306,inserted
5,4903127,inserted
5,4902354,inserted
5,4901260,inserted
5,4901043,inserted
6,4900547,inserted
6,4900094,inserted
6,4897975,inserted
6,4897841,inserted
6,4895502,inserted
6,4880626,inserted
6,4910879,inserted
6,4897979,inserted
6,4897640,inserted
6,4897187,inserted
6,4897036,inserted
6,4896660,inserted
6,4896183,inserted
6,4895219,inserted
6,4895157,inserted
6,4894105,inserted
6,4893779,inserted
6,4892948,inserted
6,4892930,inserted
6,4892720,inserted
6,4892317,inserted
6,4892105,inserted
6,4891384,inserted
6,4891343,inserted
6,4891273,inserted
6,4891239,inserted
6,4891124,inserted
6,4889374,inserted
6,4886270,inserted
6,4885866,inserted
6,4883220,inserted
6,4883007,inserted
6,4881414,inserted
6,4880639,inserted
6,4880589,inserted
6,4876658,inserted
6,4864062,inserted
6,4792001,inserted
6,4877878,inserted
6,4877202,inserted
6,4875236,inserted
6,4875036,inserted
6,4872309,inserted
6,4872100,inserted
6,4871871,inserted
6,4869833,inserted
6,4869725,inserted
6,4868648,inserted
6,4868372,inserted
6,4868143,inserted
6,4867079,inserted
6,4864992,inserted
6,4862721,inserted
6,4862175,inserted
6,4861061,inserted
6,4860061,inserted
6,4748872,inserted
6,4859791,inserted
6,4856826,inserted
6,4856119,inserted
6,4855827,inserted
6,4855100,inserted
6,4854766,inserted
6,4853491,inserted
6,4852828,inserted
6,4852378,inserted
6,4851540,inserted
6,4851075,inserted
6,4847757,inserted
6,4847069,inserted
6,4843269,inserted
6,4841714,inserted
6,4841651,inserted
6,4841297,inserted
6,4840841,inserted
6,4840262,inserted
6,4840063,inserted
6,4839996,inserted
6,4831146,inserted
6,4616298,inserted
6,4296245,inserted
6,4262967,inserted
6,4858406,inserted
6,4838019,inserted
6,4837905,inserted
6,4837095,inserted
6,4835753,inserted
6,4835313,inserted
6,4835208,inserted
6,4834988,inserted
6,4834945,inserted
6,4834824,inserted
6,4833824,inserted
6,4833536,inserted
6,4833453,inserted
6,4833210,inserted
6,4832767,inserted
6,4832607,inserted
6,4832016,inserted
6,4830385,inserted
7,4830384,inserted
7,4830323,inserted
7,4830015,inserted
7,4828951,inserted
7,4827722,inserted
7,4825912,inserted
7,4824896,inserted
7,4824314,inserted
7,4823255,inserted
7,4823220,inserted
7,4822848,inserted
7,4822140,inserted
7,4821265,inserted
7,4821173,inserted
7,4820997,inserted
7,4820873,inserted
7,4811427,inserted
7,4802342,inserted
7,4800944,inserted
7,4800679,inserted
7,4765295,inserted
7,4756280,inserted
7,4657908,inserted
7,4657703,inserted
7,4827772,inserted
7,4817219,inserted
7,4816072,inserted
7,4814514,inserted
7,4814021,inserted
7,4813848,inserted
7,4812248,inserted
7,4810892,inserted
7,4809278,inserted
7,4808704,inserted
7,4808154,inserted
7,4805920,inserted
7,4797881,inserted
7,4797732,inserted
7,4796508,inserted
7,4795892,inserted
7,4795519,inserted
7,4795426,inserted
7,4795357,inserted
7,4795272,inserted
7,4794753,inserted
7,4794566,inserted
7,4794407,inserted
7,4794390,inserted
7,4794045,inserted
7,4793589,inserted
7,4793266,inserted
7,4788228,inserted
7,4684095,inserted
7,4818584,inserted
7,4813170,inserted
7,4812629,inserted
7,4802698,inserted
7,4803717,inserted
7,4793857,inserted
7,4793409,inserted
7,4793239,inserted
7,4793238,inserted
7,4792979,inserted
7,4792849,inserted
7,4792558,inserted
7,4791342,inserted
7,4790500,inserted
7,4790458,inserted
7,4789910,inserted
7,4789002,inserted
7,4787845,inserted
7,4787820,inserted
7,4787506,inserted
7,4787220,inserted
7,4786725,inserted
7,4786517,inserted
7,4786385,inserted
7,4786075,inserted
7,4786073,inserted
7,4785446,inserted
7,4784746,inserted
7,4784416,inserted
7,4784310,inserted
7,4784278,inserted
7,4783823,inserted
7,4783757,inserted
7,4783373,inserted
7,4782623,inserted
7,4782312,inserted
7,4782066,inserted
7,4781976,inserted
7,4781959,inserted
7,4781895,inserted
7,4781806,inserted
7,4781747,inserted
7,4781214,inserted
7,4780903,inserted
7,4780846,inserted
7,4780540,inserted
7,4780431,inserted
8,4780259,inserted
8,4779616,inserted
8,4779571,inserted
8,4779214,inserted
8,4779166,inserted
8,4778927,inserted
8,4778904,inserted
8,4778576,inserted
8,4778150,inserted
8,4777706,inserted
8,4777181,inserted
8,4777042,inserted
8,4777040,inserted
8,4776706,inserted
8,4776652,inserted
8,4776573,inserted
8,4776543,inserted
8,4776514,inserted
8,4776426,inserted
8,4775910,inserted
8,4775909,inserted
8,4775863,inserted
8,4775761,inserted
8,4775158,inserted
8,4775082,inserted
8,4774987,inserted
8,4774618,inserted
8,4774448,inserted
8,4774189,inserted
8,4773054,inserted
8,4772694,inserted
8,4772594,inserted
8,4771971,inserted
8,4758110,inserted
8,4728113,inserted
8,4439931,inserted
8,4792012,inserted
8,4791006,inserted
8,4783089,inserted
8,4772614,inserted
8,4771150,inserted
8,4770923,inserted
8,4768927,inserted
8,4768486,inserted
8,4768371,inserted
8,4767155,inserted
8,4767154,inserted
8,4766793,inserted
8,4766778,inserted
8,4766421,inserted
8,4765809,inserted
8,4764899,inserted
8,4764042,inserted
8,4763783,inserted
8,4763185,inserted
8,4763042,inserted
8,4762793,inserted
8,4762287,inserted
8,4762219,inserted
8,4761565,inserted
8,4761223,inserted
8,4760430,inserted
8,4759925,inserted
8,4758384,inserted
8,4758308,inserted
8,4757986,inserted
8,4756753,inserted
8,4755651,inserted
8,4755379,inserted
8,4755298,inserted
8,4754655,inserted
8,4754424,inserted
8,4754360,inserted
8,4754255,inserted
8,4754211,inserted
8,4753697,inserted
8,4753529,inserted
8,4753351,inserted
8,4753217,inserted
8,4753173,inserted
8,4752974,inserted
8,4752810,inserted
8,4752796,inserted
8,4750600,inserted
8,4746625,inserted
8,4718285,inserted
8,4460285,inserted
8,4764744,inserted
8,4752250,inserted
8,4752122,inserted
8,4751806,inserted
8,4751510,inserted
8,4751300,inserted
8,4749350,inserted
8,4748538,inserted
8,4747900,inserted
8,4746580,inserted
8,4745656,inserted
8,4745589,inserted
8,4745142,inserted
9,4744044,inserted
9,4743003,inserted
9,4742407,inserted
9,4741818,inserted
9,4741500,inserted
9,4740969,inserted
9,4740733,inserted
9,4740520,inserted
9,4739979,inserted
9,4738754,inserted
9,4738458,inserted
9,4737692,inserted
9,4737133,inserted
9,4735807,inserted
9,4731911,inserted
9,4731102,inserted
9,4730813,inserted
9,4730716,inserted
9,4730556,inserted
9,4729079,inserted
9,4728643,inserted
9,4728323,inserted
9,4727843,inserted
9,4727414,inserted
9,4713217,inserted
9,4711508,inserted
9,4702573,inserted
9,4678887,inserted
9,4518568,inserted
9,4201480,inserted
9,4725376,inserted
9,4724938,inserted
9,4724934,inserted
9,4724647,inserted
9,4724504,inserted
9,4724386,inserted
9,4724088,inserted
9,4723318,inserted
9,4723078,inserted
9,4721989,inserted
9,4721674,inserted
9,4721585,inserted
9,4720713,inserted
9,4720137,inserted
9,4718740,inserted
9,4718524,inserted
9,4716868,inserted
9,4716010,inserted
9,4715302,inserted
9,4715023,inserted
9,4714547,inserted
9,4713221,inserted
9,4713210,inserted
9,4711711,inserted
9,4709048,inserted
9,4708165,inserted
9,4707438,inserted
9,4706889,inserted
9,4699197,inserted
9,4698462,inserted
9,4697354,inserted
9,4669025,inserted
9,4710074,inserted
9,4704065,inserted
9,4702926,inserted
9,4702732,inserted
9,4702566,inserted
9,4702403,inserted
9,4701948,inserted
9,4701720,inserted
9,4700405,inserted
9,4699429,inserted
9,4696945,inserted
9,4696265,inserted
9,4695868,inserted
9,4695818,inserted
9,4695189,inserted
9,4693319,inserted
9,4693185,inserted
9,4691023,inserted
9,4690294,inserted
9,4687816,inserted
9,4687704,inserted
9,4686915,inserted
9,4685785,inserted
9,4685212,inserted
9,4685088,inserted
9,4684982,inserted
9,4575485,inserted
9,4701824,inserted
9,4684915,inserted
9,4684869,inserted
9,4684159,inserted
9,4682890,inserted
9,4682577,inserted
9,4681739,inserted
9,4681647,inserted
9,4679354,inserted
9,4678983,inserted
9,4678894,inserted
10,4677192,inserted
10,4677089,inserted
10,4674003,inserted
10,4673585,inserted
10,4673237,inserted
10,4672841,inserted
10,4672543,inserted
10,4671724,inserted
10,4671600,inserted
10,4669344,inserted
10,4667003,inserted
10,4666997,inserted
10,4666417,inserted
10,4664823,inserted
10,4652379,inserted
10,4646248,inserted
10,4643227,inserted
10,4306245,inserted
10,4666319,inserted
10,4665619,inserted
10,4664889,inserted
10,4664732,inserted
10,4663922,inserted
10,4663830,inserted
10,4663702,inserted
10,4662101,inserted
10,4661970,inserted
10,4660784,inserted
10,4660445,inserted
10,4660097,inserted
10,4659793,inserted
10,4658484,inserted
10,4658212,inserted
10,4657942,inserted
10,4656971,inserted
10,4656413,inserted
10,4655865,inserted
10,4655190,inserted
10,4654896,inserted
10,4654171,inserted
10,4651034,inserted
10,4650652,inserted
10,4649900,inserted
10,4649863,inserted
10,4649568,inserted
10,4648796,inserted
10,4648756,inserted
10,4648015,inserted
10,4646662,inserted
10,4644657,inserted
10,4639819,inserted
10,4639646,inserted
10,4639627,inserted
10,4654503,inserted
10,4484321,inserted
10,4647901,inserted
10,4646547,inserted
10,4646479,inserted
10,4646214,inserted
10,4645907,inserted
10,4645743,inserted
10,4645261,inserted
10,4645099,inserted
10,4644754,inserted
10,4644651,inserted
10,4644231,inserted
10,4643630,inserted
10,4643150,inserted
10,4642781,inserted
10,4641584,inserted
10,4641399,inserted
10,4641338,inserted
10,4641156,inserted
10,4641053,inserted
10,4640464,inserted
10,4640246,inserted
10,4640145,inserted
10,4639888,inserted
10,4639685,inserted
10,4639656,inserted
10,4638848,inserted
10,4638748,inserted
10,4638504,inserted
10,4638428,inserted
10,4637770,inserted
10,4637228,inserted
10,4637215,inserted
10,4636751,inserted
10,4635776,inserted
10,4634809,inserted
10,4634055,inserted
10,4633818,inserted
10,4631196,inserted
10,4631174,inserted
10,4629440,inserted
10,4629265,inserted
10,4628340,inserted
10,4627903,inserted
10,4627900,inserted
10,4626028,inserted
11,4624891,inserted
11,4618377,inserted
11,4460734,inserted
11,4355582,inserted
11,3850688,inserted
11,4624972,inserted
11,4624066,inserted
11,4623708,inserted
11,4623683,inserted
11,4623663,inserted
11,4623367,inserted
11,4623277,inserted
11,4623021,inserted
11,4622632,inserted
11,4622535,inserted
11,4622310,inserted
11,4620778,inserted
11,4620552,inserted
11,4620537,inserted
11,4619669,inserted
11,4619564,inserted
11,4619501,inserted
11,4619223,inserted
11,4618821,inserted
11,4617967,inserted
11,4617570,inserted
11,4617237,inserted
11,4617160,inserted
11,4616950,inserted
11,4615473,inserted
11,4614964,inserted
11,4614797,inserted
11,4614052,inserted
11,4613227,inserted
11,4612358,inserted
11,4612356,inserted
11,4611822,inserted
11,4611334,inserted
11,4609844,inserted
11,4609031,inserted
11,4608974,inserted
11,4608940,inserted
11,4608612,inserted
11,4608375,inserted
11,4608337,inserted
11,4607861,inserted
11,4607327,inserted
11,4607047,inserted
11,4606027,inserted
11,4606009,inserted
11,4605868,inserted
11,4605792,inserted
11,4605557,inserted
11,4604842,inserted
11,4604295,inserted
11,4604272,inserted
11,4603698,inserted
11,4603355,inserted
11,4602952,inserted
11,4593254,inserted
11,4482849,inserted
11,4621327,inserted
11,4608966,inserted
11,4606621,inserted
11,4602518,inserted
11,4602260,inserted
11,4600998,inserted
11,4600430,inserted
11,4600027,inserted
11,4598400,inserted
11,4598144,inserted
11,4597869,inserted
11,4597215,inserted
11,4596799,inserted
11,4596439,inserted
11,4596438,inserted
11,4596215,inserted
11,4593492,inserted
11,4593054,inserted
11,4593022,inserted
11,4591874,inserted
11,4590854,inserted
11,4590508,inserted
11,4588874,inserted
11,4588231,inserted
11,4587352,inserted
11,4586505,inserted
11,4585063,inserted
11,4583257,inserted
11,4581443,inserted
11,4533317,inserted
11,4459881,inserted
11,4589174,inserted
11,4582392,inserted
11,4581299,inserted
11,4579471,inserted
11,4578789,inserted
11,4578747,inserted
11,4577833,inserted
11,4577535,inserted
12,4576742,inserted
12,4576729,inserted
12,4576074,inserted
12,4575821,inserted
12,4575747,inserted
12,4575726,inserted
12,4575458,inserted
12,4575162,inserted
12,4574734,inserted
12,4573661,inserted
12,4573624,inserted
12,4573622,inserted
12,4572806,inserted
12,4572805,inserted
12,4572451,inserted
12,4571951,inserted
12,4571056,inserted
12,4569696,inserted
12,4569405,inserted
12,4568374,inserted
12,4568005,inserted
12,4567585,inserted
12,4554489,inserted
12,4466012,inserted
12,4577753,inserted
12,4577500,inserted
12,4573171,inserted
12,4569873,inserted
12,4567273,inserted
12,4561799,inserted
12,4561580,inserted
12,4561362,inserted
12,4560858,inserted
12,4560241,inserted
12,4560231,inserted
12,4560036,inserted
12,4559130,inserted
12,4558407,inserted
12,4557901,inserted
12,4557819,inserted
12,4557015,inserted
12,4556759,inserted
12,4556223,inserted
12,4556085,inserted
12,4556001,inserted
12,4555719,inserted
12,4555580,inserted
12,4555293,inserted
12,4555259,inserted
12,4555038,inserted
12,4554938,inserted
12,4554921,inserted
12,4554845,inserted
12,4554741,inserted
12,4554584,inserted
12,4554464,inserted
12,4554381,inserted
12,4553752,inserted
12,4553694,inserted
12,4553380,inserted
12,4552797,inserted
12,4552326,inserted
12,4552057,inserted
12,4551555,inserted
12,4551507,inserted
12,4551471,inserted
12,4550841,inserted
12,4550208,inserted
12,4550198,inserted
12,4550159,inserted
12,4549908,inserted
12,4549862,inserted
12,4549786,inserted
12,4548946,inserted
12,4548193,inserted
12,4547040,inserted
12,4545719,inserted
12,4544606,inserted
12,4544103,inserted
12,4542716,inserted
12,4542335,inserted
12,4541739,inserted
12,4540980,inserted
12,4540974,inserted
12,4539505,inserted
12,4539495,inserted
12,4532673,inserted
12,4522159,inserted
12,4499602,inserted
12,3865084,inserted
12,2820541,inserted
12,4563237,inserted
12,4549066,inserted
12,4541357,inserted
12,4540607,inserted
12,4540378,inserted
12,4539590,inserted
12,4539496,inserted
12,4538404,inserted
12,4538330,inserted
13,4536727,inserted
13,4536288,inserted
13,4535549,inserted
13,4535519,inserted
13,4535370,inserted
13,4534808,inserted
13,4534281,inserted
13,4534203,inserted
13,4533595,inserted
13,4533168,inserted
13,4532672,inserted
13,4530930,inserted
13,4530325,inserted
13,4530304,inserted
13,4529086,inserted
13,4528838,inserted
13,4526531,inserted
13,4526306,inserted
13,4525001,inserted
13,4524905,inserted
13,4524799,inserted
13,4524650,inserted
13,4523182,inserted
13,4519473,inserted
13,4517743,inserted
13,4516388,inserted
13,4511907,inserted
13,4502619,inserted
13,4419263,inserted
13,4536100,inserted
13,4519489,inserted
13,4519153,inserted
13,4519136,inserted
13,4518282,inserted
13,4517726,inserted
13,4517434,inserted
13,4516735,inserted
13,4516408,inserted
13,4516181,inserted
13,4515855,inserted
13,4515621,inserted
13,4515532,inserted
13,4515361,inserted
13,4514011,inserted
13,4512566,inserted
13,4512539,inserted
13,4512372,inserted
13,4511419,inserted
13,4510786,inserted
13,4510474,inserted
13,4508876,inserted
13,4508401,inserted
13,4507371,inserted
13,4506920,inserted
13,4506468,inserted
13,4506289,inserted
13,4505596,inserted
13,4504503,inserted
13,4504319,inserted
13,4503431,inserted
13,4503052,inserted
13,4502614,inserted
13,4501773,inserted
13,4501454,inserted
13,4498682,inserted
13,4498136,inserted
13,4488187,inserted
13,4429919,inserted
13,3835023,inserted
13,4499183,inserted
13,4496160,inserted
13,4495654,inserted
13,4495194,inserted
13,4495134,inserted
13,4494817,inserted
13,4494465,inserted
13,4494339,inserted
13,4494258,inserted
13,4493976,inserted
13,4493371,inserted
13,4492463,inserted
13,4491438,inserted
13,4490880,inserted
13,4490487,inserted
13,4490449,inserted
13,4490070,inserted
13,4489650,inserted
13,4488764,inserted
13,4487150,inserted
13,4486994,inserted
13,4486047,inserted
13,4484833,inserted
13,4484452,inserted
13,4484093,inserted
13,4482382,inserted
13,4481852,inserted
13,4481374,inserted
13,4481194,inserted
13,4481193,inserted
13,4480702,inserted
14,4480658,inserted
14,4480612,inserted
14,4478824,inserted
14,4470405,inserted
14,4465801,inserted
14,4397844,inserted
14,4383655,inserted
14,4289607,inserted
14,4479457,inserted
14,4478563,inserted
14,4478276,inserted
14,4477874,inserted
14,4477360,inserted
14,4477194,inserted
14,4476764,inserted
14,4476522,inserted
14,4475351,inserted
14,4475134,inserted
14,4474105,inserted
14,4474026,inserted
14,4473009,inserted
14,4471985,inserted
14,4470445,inserted
14,4470156,inserted
14,4469830,inserted
14,4468572,inserted
14,4468533,inserted
14,4467598,inserted
14,4467479,inserted
14,4466784,inserted
14,4465616,inserted
14,4465471,inserted
14,4465295,inserted
14,4464758,inserted
14,4464075,inserted
14,4463965,inserted
14,4463476,inserted
14,4462699,inserted
14,4462619,inserted
14,4462588,inserted
14,4461717,inserted
14,4461653,inserted
14,4461356,inserted
14,4461016,inserted
14,4460911,inserted
14,4460731,inserted
14,4460392,inserted
14,4460166,inserted
14,4455270,inserted
14,4451321,inserted
14,4448041,inserted
14,4245834,inserted
14,4110001,inserted
14,4107466,inserted
14,4459503,inserted
14,4458929,inserted
14,4458535,inserted
14,4457334,inserted
14,4456479,inserted
14,4456236,inserted
14,4455821,inserted
14,4454650,inserted
14,4454119,inserted
14,4454092,inserted
14,4453351,inserted
14,4452869,inserted
14,4452595,inserted
14,4452556,inserted
14,4452527,inserted
14,4452019,inserted
14,4451686,inserted
14,4451199,inserted
14,4451169,inserted
14,4451160,inserted
14,4450943,inserted
14,4448849,inserted
14,4447522,inserted
14,4447155,inserted
14,4447019,inserted
14,4446683,inserted
14,4446543,inserted
14,4445472,inserted
14,4445229,inserted
14,4445086,inserted
14,4444626,inserted
14,4444623,inserted
14,4444475,inserted
14,4444398,inserted
14,4444351,inserted
14,4444305,inserted
14,4444264,inserted
14,4444181,inserted
14,4444137,inserted
14,4444060,inserted
14,4443978,inserted
14,4443867,inserted
14,4443839,inserted
14,4443810,inserted
14,4443765,inserted
14,4443545,inserted
15,4443518,inserted
15,4443491,inserted
15,4443454,inserted
15,4443289,inserted
15,4443010,inserted
15,4442624,inserted
15,4441814,inserted
15,4441753,inserted
15,4441028,inserted
15,4440988,inserted
15,4440773,inserted
15,4440108,inserted
15,4237935,inserted
15,3373551,inserted
15,4439354,inserted
15,4439324,inserted
15,4437441,inserted
15,4436995,inserted
15,4435424,inserted
15,4435374,inserted
15,4434248,inserted
15,4433782,inserted
15,4431805,inserted
15,4431752,inserted
15,4431742,inserted
15,4430499,inserted
15,4429900,inserted
15,4428000,inserted
15,4427930,inserted
15,4427100,inserted
15,4425655,inserted
15,4425622,inserted
15,4425616,inserted
15,4424952,inserted
15,4424798,inserted
15,4423764,inserted
15,4419034,inserted
15,4418651,inserted
15,4414551,inserted
15,4411955,inserted
15,4424800,inserted
15,4418208,inserted
15,4417211,inserted
15,4415734,inserted
15,4415426,inserted
15,4414851,inserted
15,4414639,inserted
15,4413694,inserted
15,4413083,inserted
15,4412521,inserted
15,4411369,inserted
15,4411004,inserted
15,4408243,inserted
15,4407526,inserted
15,4407375,inserted
15,4405769,inserted
15,4404891,inserted
15,4404290,inserted
15,4402716,inserted
15,4398573,inserted
15,4397581,inserted
15,4387312,inserted
15,4374620,inserted
15,4371009,inserted
15,4367408,inserted
15,4338948,inserted
15,4331152,inserted
15,4281698,inserted
15,4414953,inserted
15,4414857,inserted
15,4399021,inserted
15,4396337,inserted
15,4393016,inserted
15,4392914,inserted
15,4389727,inserted
15,4389236,inserted
15,4389150,inserted
15,4388685,inserted
15,4388017,inserted
15,4387105,inserted
15,4385282,inserted
15,4385210,inserted
15,4384218,inserted
15,4383089,inserted
15,4382605,inserted
15,4382554,inserted
15,4382552,inserted
15,4382308,inserted
15,4382264,inserted
15,4380616,inserted
15,4374868,inserted
15,4373881,inserted
15,4359754,inserted
15,4351384,inserted
15,4347854,inserted
15,4335431,inserted
15,4156652,inserted
15,4377325,inserted
15,4376651,inserted
15,4375700,inserted
16,4375203,inserted
16,4374403,inserted
16,4373899,inserted
16,4373334,inserted
16,4368702,inserted
16,4367760,inserted
16,4366423,inserted
16,4363260,inserted
16,4359341,inserted
16,4359099,inserted
16,4358126,inserted
16,4356410,inserted
16,4350439,inserted
16,4336250,inserted
16,4328658,inserted
16,4301148,inserted
16,4294995,inserted
16,4376653,inserted
16,4360149,inserted
16,4359104,inserted
16,4358293,inserted
16,4357905,inserted
16,4356563,inserted
16,4356170,inserted
16,4355456,inserted
16,4353998,inserted
16,4353984,inserted
16,4351887,inserted
16,4351444,inserted
16,4351063,inserted
16,4350467,inserted
16,4350155,inserted
16,4349978,inserted
16,4348848,inserted
16,4348824,inserted
16,4348611,inserted
16,4348277,inserted
16,4347442,inserted
16,4347237,inserted
16,4346613,inserted
16,4345510,inserted
16,4343060,inserted
16,4342714,inserted
16,4339255,inserted
16,4338415,inserted
16,4327155,inserted
16,4319254,inserted
16,4310137,inserted
16,4346807,inserted
16,4341865,inserted
16,4341739,inserted
16,4340056,inserted
16,4339745,inserted
16,4337291,inserted
16,4337024,inserted
16,4336878,inserted
16,4336875,inserted
16,4336729,inserted
16,4336272,inserted
16,4335011,inserted
16,4334579,inserted
16,4333191,inserted
16,4332985,inserted
16,4327132,inserted
16,4326741,inserted
16,4326577,inserted
16,4326250,inserted
16,4325519,inserted
16,4325020,inserted
16,4323660,inserted
16,4322638,inserted
16,4320935,inserted
16,4288838,inserted
16,4254838,inserted
16,4324334,inserted
16,4323480,inserted
16,4323164,inserted
16,4321956,inserted
16,4321519,inserted
16,4320488,inserted
16,4319840,inserted
16,4319596,inserted
16,4319402,inserted
16,4318839,inserted
16,4318838,inserted
16,4318704,inserted
16,4318340,inserted
16,4317915,inserted
16,4317626,inserted
16,4317234,inserted
16,4317092,inserted
16,4316975,inserted
16,4315881,inserted
16,4315720,inserted
16,4315351,inserted
16,4315288,inserted
16,4314335,inserted
16,4312779,inserted
16,4312704,inserted
16,4312558,inserted
17,4312318,inserted
17,4311394,inserted
17,4310345,inserted
17,4309116,inserted
17,4277502,inserted
17,4250261,inserted
17,4142098,inserted
17,4311787,inserted
17,4311560,inserted
17,4311156,inserted
17,4310848,inserted
17,4309815,inserted
17,4307136,inserted
17,4306645,inserted
17,4305122,inserted
17,4304892,inserted
17,4302694,inserted
17,4299523,inserted
17,4298993,inserted
17,4298932,inserted
17,4298897,inserted
17,4298777,inserted
17,4298381,inserted
17,4298281,inserted
17,4297952,inserted
17,4297765,inserted
17,4297743,inserted
17,4296052,inserted
17,4295762,inserted
17,4294652,inserted
17,4294476,inserted
17,4285475,inserted
17,4276838,inserted
17,4256480,inserted
17,4306512,inserted
17,4294280,inserted
17,4293779,inserted
17,4292916,inserted
17,4291873,inserted
17,4291759,inserted
17,4291111,inserted
17,4290389,inserted
17,4290382,inserted
17,4289536,inserted
17,4288703,inserted
17,4288341,inserted
17,4288036,inserted
17,4287887,inserted
17,4287496,inserted
17,4287274,inserted
17,4285386,inserted
17,4284685,inserted
17,4284614,inserted
17,4284283,inserted
17,4284191,inserted
17,4283708,inserted
17,4279617,inserted
17,4279106,inserted
17,4278969,inserted
17,4278815,inserted
17,4278603,inserted
17,4278105,inserted
17,4276256,inserted
17,4276126,inserted
17,4275197,inserted
17,4275188,inserted
17,4274978,inserted
17,4273710,inserted
17,4271864,inserted
17,4270569,inserted
17,4270565,inserted
17,4265725,inserted
17,4253581,inserted
17,4243607,inserted
17,4273546,inserted
17,4272955,inserted
17,4271577,inserted
17,4270786,inserted
17,4269872,inserted
17,4269489,inserted
17,4268381,inserted
17,4268356,inserted
17,4268236,inserted
17,4268191,inserted
17,4267738,inserted
17,4267014,inserted
17,4265250,inserted
17,4265008,inserted
17,4264996,inserted
17,4263890,inserted
17,4263383,inserted
17,4262617,inserted
17,4262314,inserted
17,4262196,inserted
17,4260045,inserted
17,4259050,inserted
17,4259005,inserted
17,4256677,inserted
17,4256204,inserted
17,4255016,inserted
18,4254090,inserted
18,4245970,inserted
18,4238386,inserted
18,4219961,inserted
18,2956686,inserted
18,4254495,inserted
18,4254138,inserted
18,4252074,inserted
18,4251496,inserted
18,4250910,inserted
18,4250032,inserted
18,4249899,inserted
18,4249009,inserted
18,4248634,inserted
18,4248530,inserted
18,4247848,inserted
18,4244161,inserted
18,4242946,inserted
18,4242945,inserted
18,4241324,inserted
18,4239733,inserted
18,4238664,inserted
18,4238550,inserted
18,4237249,inserted
18,4235054,inserted
18,4230850,inserted
18,4220271,inserted
18,4211472,inserted
18,4185429,inserted
18,4047299,inserted
18,4040025,inserted
18,4255779,inserted
18,4236439,inserted
18,4235330,inserted
18,4235207,inserted
18,4232711,inserted
18,4232544,inserted
18,4230200,inserted
18,4229486,inserted
18,4229345,inserted
18,4229025,inserted
18,4228352,inserted
18,4225462,inserted
18,4225401,inserted
18,4225012,inserted
18,4225011,inserted
18,4222333,inserted
18,4221525,inserted
18,4221460,inserted
18,4221168,inserted
18,4220494,inserted
18,4218815,inserted
18,4218462,inserted
18,4217120,inserted
18,4216189,inserted
18,4212637,inserted
18,4201710,inserted
18,4200090,inserted
18,4171765,inserted
18,4169829,inserted
18,3827962,inserted
18,2793699,inserted
18,4233457,inserted
18,4229048,inserted
18,4217718,inserted
18,4217173,inserted
18,4216198,inserted
18,4214994,inserted
18,4214122,inserted
18,4212920,inserted
18,4212499,inserted
18,4211359,inserted
18,4211297,inserted
18,4211024,inserted
18,4210850,inserted
18,4210729,inserted
18,4210333,inserted
18,4209249,inserted
18,4207491,inserted
18,4207413,inserted
18,4207098,inserted
18,4206842,inserted
18,4206781,inserted
18,4206252,inserted
18,4203982,inserted
18,4202745,inserted
18,4200733,inserted
18,4184951,inserted
18,4180510,inserted
18,4207302,inserted
18,4196933,inserted
18,4196673,inserted
18,4196598,inserted
18,4195432,inserted
18,4195371,inserted
18,4195318,inserted
18,4194747,inserted
18,4194109,inserted
18,4193824,inserted
18,4193351,inserted
19,4192363,inserted
19,4191035,inserted
19,4190739,inserted
19,4190502,inserted
19,4188757,inserted
19,4185602,inserted
19,4185328,inserted
19,4184323,inserted
19,4182827,inserted
19,4182495,inserted
19,4182311,inserted
19,4181673,inserted
19,4180786,inserted
19,4128668,inserted
19,4095112,inserted
19,4055893,inserted
19,3929240,inserted
19,3865622,inserted
19,3865274,inserted
19,2581377,inserted
19,4194226,inserted
19,4184034,inserted
19,4179493,inserted
19,4177778,inserted
19,4176874,inserted
19,4175896,inserted
19,4172133,inserted
19,4171705,inserted
19,4171594,inserted
19,4170500,inserted
19,4170006,inserted
19,4169006,inserted
19,4168366,inserted
19,4167184,inserted
19,4166828,inserted
19,4165767,inserted
19,4165571,inserted
19,4165553,inserted
19,4164855,inserted
19,4164176,inserted
19,4162957,inserted
19,4150929,inserted
19,4148485,inserted
19,4058501,inserted
19,4008060,inserted
19,4181948,inserted
19,3193418,inserted
19,4160546,inserted
19,4159465,inserted
19,4159190,inserted
19,4156502,inserted
19,4152373,inserted
19,4151649,inserted
19,4150930,inserted
19,4146318,inserted
19,4146196,inserted
19,4145088,inserted
19,4140475,inserted
19,4139590,inserted
19,4115303,inserted
19,4067720,inserted
19,4058271,inserted
19,3898037,inserted
19,4159624,inserted
19,4142287,inserted
19,4142227,inserted
19,4141350,inserted
19,4140552,inserted
19,4140474,inserted
19,4138917,inserted
19,4138449,inserted
19,4138016,inserted
19,4136807,inserted
19,4136770,inserted
19,4136699,inserted
19,4135837,inserted
19,4134722,inserted
19,4132854,inserted
19,4131778,inserted
19,4131626,inserted
19,4131527,inserted
19,4131507,inserted
19,4130224,inserted
19,4130200,inserted
19,4129669,inserted
19,4128520,inserted
19,4127686,inserted
19,4125366,inserted
19,4125195,inserted
19,4124958,inserted
19,4124731,inserted
19,4123592,inserted
19,3240747,inserted
19,4136129,inserted
19,4123912,inserted
19,4123585,inserted
19,4121435,inserted
19,4119743,inserted
19,4117693,inserted
19,4116328,inserted
20,4115151,inserted
20,4115129,inserted
20,4114370,inserted
20,4111654,inserted
20,4110957,inserted
20,4110769,inserted
20,4110560,inserted
20,4110389,inserted
20,4110106,inserted
20,4109627,inserted
20,4109520,inserted
20,4109327,inserted
20,4109289,inserted
20,4109228,inserted
20,4109180,inserted
20,4108538,inserted
20,4108511,inserted
20,4108416,inserted
20,4107434,inserted
20,4107351,inserted
20,4107300,inserted
20,4107207,inserted
20,4107171,inserted
20,4107095,inserted
20,4107050,inserted
20,4106755,inserted
20,4105908,inserted
20,4102772,inserted
20,4095683,inserted
20,4087572,inserted
20,4063136,inserted
20,3561946,inserted
20,4125489,inserted
20,4124801,inserted
20,4103877,inserted
20,4103803,inserted
20,4103741,inserted
20,4103245,inserted
20,4102533,inserted
20,4101420,inserted
20,4101365,inserted
20,4099209,inserted
20,4099197,inserted
20,4092786,inserted
20,4091604,inserted
20,4089094,inserted
20,4087588,inserted
20,4085438,inserted
20,4085136,inserted
20,4076361,inserted
20,4075511,inserted
20,4065587,inserted
20,4062154,inserted
20,4024365,inserted
20,4097657,inserted
20,4081397,inserted
20,4077631,inserted
20,4075995,inserted
20,4075275,inserted
20,4074000,inserted
20,4072749,inserted
20,4072264,inserted
20,4072136,inserted
20,4070537,inserted
20,4065763,inserted
20,4064105,inserted
20,4055904,inserted
20,4047742,inserted
20,4063777,inserted
20,4063554,inserted
20,4063442,inserted
20,4062603,inserted
20,4062275,inserted
20,4061702,inserted
20,4059889,inserted
20,4059598,inserted
20,4059188,inserted
20,4058167,inserted
20,4057195,inserted
20,4057110,inserted
20,4055899,inserted
20,4054864,inserted
20,4052754,inserted
20,4052434,inserted
20,4047875,inserted
20,4047700,inserted
20,4011018,inserted
20,3977493,inserted
20,3935948,inserted
20,4062615,inserted
20,4052130,inserted
20,4050920,inserted
20,4044327,inserted
20,4044276,inserted
20,4043697,inserted
20,4042200,inserted
20,4041944,inserted
20,4040283,inserted
20,4039291,inserted
20,4039076,inserted
21,4036197,inserted
21,4033573,inserted
21,4032745,inserted
21,4029968,inserted
21,4029779,inserted
21,4029469,inserted
21,4026274,inserted
21,4026273,inserted
21,4025677,inserted
21,4023371,inserted
21,3992126,inserted
21,3651815,inserted
21,4029545,inserted
21,4024126,inserted
21,4023175,inserted
21,4023103,inserted
21,4021895,inserted
21,4021709,inserted
21,4020883,inserted
21,4020127,inserted
21,4019030,inserted
21,4018558,inserted
21,4016867,inserted
21,4016646,inserted
21,4014398,inserted
21,4014267,inserted
21,4013898,inserted
21,4011115,inserted
21,4010982,inserted
21,4010470,inserted
21,4010041,inserted
21,4008102,inserted
21,4007259,inserted
21,4006777,inserted
21,4001704,inserted
21,3999662,inserted
21,3991574,inserted
21,3988102,inserted
21,3963289,inserted
21,3946194,inserted
21,3900802,inserted
21,1547441,inserted
21,4025069,inserted
21,4020210,inserted
21,4016840,inserted
21,4015287,inserted
21,4001721,inserted
21,4001084,inserted
21,4000905,inserted
21,4000006,inserted
21,3999607,inserted
21,3999247,inserted
21,3998069,inserted
21,3995607,inserted
21,3995094,inserted
21,3994870,inserted
21,3994408,inserted
21,3993982,inserted
21,3993696,inserted
21,3993358,inserted
21,3992485,inserted
21,3992434,inserted
21,3991275,inserted
21,3990955,inserted
21,3989020,inserted
21,3988755,inserted
21,3987785,inserted
21,3987763,inserted
21,3986973,inserted
21,3986926,inserted
21,3986886,inserted
21,3986810,inserted
21,3986741,inserted
21,3986684,inserted
21,3986665,inserted
21,3985723,inserted
21,3985555,inserted
21,3977645,inserted
21,3977043,inserted
21,3970004,inserted
21,3963904,inserted
21,3903711,inserted
21,3839117,inserted
21,3490156,inserted
21,3160322,inserted
21,2997717,inserted
21,3984456,inserted
21,3981397,inserted
21,3978339,inserted
21,3977272,inserted
21,3976339,inserted
21,3975414,inserted
21,3973444,inserted
21,3972852,inserted
21,3970434,inserted
21,3970098,inserted
21,3964303,inserted
21,3963144,inserted
21,3961531,inserted
21,3956410,inserted
22,3948337,inserted
22,3945264,inserted
22,3909455,inserted
22,3890577,inserted
22,3740085,inserted
22,3677003,inserted
22,3963172,inserted
22,3962819,inserted
22,3961522,inserted
22,3959697,inserted
22,3959197,inserted
22,3958019,inserted
22,3958015,inserted
22,3958014,inserted
22,3957709,inserted
22,3956264,inserted
22,3955247,inserted
22,3955242,inserted
22,3955211,inserted
22,3954788,inserted
22,3954548,inserted
22,3954271,inserted
22,3954171,inserted
22,3954166,inserted
22,3953582,inserted
22,3952503,inserted
22,3951571,inserted
22,3949531,inserted
22,3949038,inserted
22,3945567,inserted
22,3945086,inserted
22,3944692,inserted
22,3943183,inserted
22,3941137,inserted
22,3930600,inserted
22,3928751,inserted
22,3884838,inserted
22,3607471,inserted
22,2963808,inserted
22,3965434,inserted
22,3942373,inserted
22,3938921,inserted
22,3937173,inserted
22,3936622,inserted
22,3936484,inserted
22,3936107,inserted
22,3932621,inserted
22,3932365,inserted
22,3932338,inserted
22,3927516,inserted
22,3927164,inserted
22,3926153,inserted
22,3925903,inserted
22,3925901,inserted
22,3920668,inserted
22,3919643,inserted
22,3805116,inserted
22,3923589,inserted
22,3922633,inserted
22,3922278,inserted
22,3921762,inserted
22,3921610,inserted
22,3921489,inserted
22,3921252,inserted
22,3921125,inserted
22,3920986,inserted
22,3920814,inserted
22,3920081,inserted
22,3919881,inserted
22,3919299,inserted
22,3918985,inserted
22,3918197,inserted
22,3918075,inserted
22,3917902,inserted
22,3917651,inserted
22,3915208,inserted
22,3914798,inserted
22,3912937,inserted
22,3911657,inserted
22,3911216,inserted
22,3908655,inserted
22,3907794,inserted
22,3907758,inserted
22,3907577,inserted
22,3906990,inserted
22,3905921,inserted
22,3905168,inserted
22,3904875,inserted
22,3904301,inserted
22,3903713,inserted
22,3903414,inserted
22,3903382,inserted
22,3903336,inserted
22,3902691,inserted
22,3900524,inserted
22,3610073,inserted
22,3918486,inserted
22,3917729,inserted
22,3915958,inserted
22,3915007,inserted
23,3902502,inserted
23,3902100,inserted
23,3898851,inserted
23,3898723,inserted
23,3898193,inserted
23,3896834,inserted
23,3893641,inserted
23,3892048,inserted
23,3891885,inserted
23,3890711,inserted
23,3890618,inserted
23,3890424,inserted
23,3889290,inserted
23,3888904,inserted
23,3888621,inserted
23,3886393,inserted
23,3886215,inserted
23,3885997,inserted
23,3885644,inserted
23,3885523,inserted
23,3880875,inserted
23,3878695,inserted
23,3746138,inserted
23,3679881,inserted
23,3900273,inserted
23,3899751,inserted
23,3898461,inserted
23,3893404,inserted
23,3891434,inserted
23,3882414,inserted
23,3882413,inserted
23,3880452,inserted
23,3880127,inserted
23,3880019,inserted
23,3879874,inserted
23,3878997,inserted
23,3878824,inserted
23,3878823,inserted
23,3878806,inserted
23,3878188,inserted
23,3876565,inserted
23,3876345,inserted
23,3875253,inserted
23,3875198,inserted
23,3874665,inserted
23,3874000,inserted
23,3872646,inserted
23,3870350,inserted
23,3869385,inserted
23,3869384,inserted
23,3869154,inserted
23,3868858,inserted
23,3867727,inserted
23,3867521,inserted
23,3866909,inserted
23,3866877,inserted
23,3866265,inserted
23,3866235,inserted
23,3865616,inserted
23,3865563,inserted
23,3865535,inserted
23,3865428,inserted
23,3863363,inserted
23,3861743,inserted
23,3843303,inserted
23,3823183,inserted
23,3807717,inserted
23,3771262,inserted
23,3861719,inserted
23,3861716,inserted
23,3861704,inserted
23,3861141,inserted
23,3860575,inserted
23,3859890,inserted
23,3858665,inserted
23,3856808,inserted
23,3856696,inserted
23,3856693,inserted
23,3856579,inserted
23,3855720,inserted
23,3854920,inserted
23,3852634,inserted
23,3851084,inserted
23,3850899,inserted
23,3848974,inserted
23,3847894,inserted
23,3847843,inserted
23,3846152,inserted
23,3843507,inserted
23,3801833,inserted
23,3220987,inserted
23,3849026,inserted
23,3845150,inserted
23,3842757,inserted
23,3842002,inserted
23,3840946,inserted
23,3840846,inserted
23,3840530,inserted
23,3840252,inserted
23,3839993,inserted
24,3839734,inserted
24,3839277,inserted
24,3839273,inserted
24,3838567,inserted
24,3838407,inserted
24,3838012,inserted
24,3837811,inserted
24,3835752,inserted
24,3832789,inserted
24,3831127,inserted
24,3830742,inserted
24,3830741,inserted
24,3829966,inserted
24,3829696,inserted
24,3828416,inserted
24,3828228,inserted
24,3827774,inserted
24,3826659,inserted
24,3825965,inserted
24,3825335,inserted
24,3824589,inserted
24,3823752,inserted
24,3819917,inserted
24,3805033,inserted
24,3839144,inserted
24,3823468,inserted
24,3821952,inserted
24,3821438,inserted
24,3818561,inserted
24,3818323,inserted
24,3817536,inserted
24,3816435,inserted
24,3815203,inserted
24,3815029,inserted
24,3814860,inserted
24,3810227,inserted
24,3810212,inserted
24,3810198,inserted
24,3809456,inserted
24,3808224,inserted
24,3807925,inserted
24,3807888,inserted
24,3807429,inserted
24,3806407,inserted
24,3805010,inserted
24,3804402,inserted
24,3800284,inserted
24,3795295,inserted
24,3731675,inserted
24,3820491,inserted
24,3803134,inserted
24,3802571,inserted
24,3801623,inserted
24,3798383,inserted
24,3798239,inserted
24,3797736,inserted
24,3796684,inserted
24,3796348,inserted
24,3795676,inserted
24,3794809,inserted
24,3794447,inserted
24,3793259,inserted
24,3792203,inserted
24,3790349,inserted
24,3787625,inserted
24,3785892,inserted
24,3785386,inserted
24,3785369,inserted
24,3776106,inserted
24,3767462,inserted
24,3744414,inserted
24,3468221,inserted
24,3017373,inserted
24,3802302,inserted
24,3799853,inserted
24,3793316,inserted
24,3785722,inserted
24,3785384,inserted
24,3785138,inserted
24,3784998,inserted
24,3783840,inserted
24,3783646,inserted
24,3783522,inserted
24,3783081,inserted
24,3782114,inserted
24,3781703,inserted
24,3781518,inserted
24,3775931,inserted
24,3775710,inserted
24,3773131,inserted
24,3772544,inserted
24,3772451,inserted
24,3772205,inserted
24,3771970,inserted
24,3769935,inserted
24,3769802,inserted
24,3767404,inserted
24,3767323,inserted
24,3766738,inserted
24,3765330,inserted
25,3764744,inserted
25,3764030,inserted
25,3756249,inserted
25,3748765,inserted
25,3746635,inserted
25,2838168,inserted
25,3780119,inserted
25,3764079,inserted
25,3762948,inserted
25,3762472,inserted
25,3760840,inserted
25,3760324,inserted
25,3756527,inserted
25,3756391,inserted
25,3754596,inserted
25,3754200,inserted
25,3752413,inserted
25,3750575,inserted
25,3748853,inserted
25,3747281,inserted
25,3747100,inserted
25,3745671,inserted
25,3745593,inserted
25,3744027,inserted
25,3743669,inserted
25,3740683,inserted
25,3740033,inserted
25,3738550,inserted
25,3736551,inserted
25,3703301,inserted
25,3674599,inserted
25,3561845,inserted
25,3525531,inserted
25,3135639,inserted
25,3742058,inserted
25,3742011,inserted
25,3741275,inserted
25,3740041,inserted
25,3737876,inserted
25,3736423,inserted
25,3733832,inserted
25,3730103,inserted
25,3729601,inserted
25,3729226,inserted
25,3728791,inserted
25,3728148,inserted
25,3727323,inserted
25,3726142,inserted
25,3725923,inserted
25,3725450,inserted
25,3725305,inserted
25,3724750,inserted
25,3724492,inserted
25,3723416,inserted
25,3715508,inserted
25,3714126,inserted
25,3709875,inserted
25,3700681,inserted
25,3671354,inserted
25,3670027,inserted
25,3329716,inserted
25,3741237,inserted
25,3724250,inserted
25,3719022,inserted
25,3718531,inserted
25,3718528,inserted
25,3715930,inserted
25,3715608,inserted
25,3713696,inserted
25,3713654,inserted
25,3713598,inserted
25,3713423,inserted
25,3710654,inserted
25,3709924,inserted
25,3709836,inserted
25,3709513,inserted
25,3709236,inserted
25,3707742,inserted
25,3706770,inserted
25,3706667,inserted
25,3706383,inserted
25,3705697,inserted
25,3705255,inserted
25,3703233,inserted
25,3702747,inserted
25,3702402,inserted
25,3701921,inserted
25,3694822,inserted
25,3673978,inserted
25,3670478,inserted
25,3717902,inserted
25,3701470,inserted
25,3701008,inserted
25,3700682,inserted
25,3699098,inserted
25,3698525,inserted
25,3697278,inserted
25,3697239,inserted
25,3697082,inserted
25,3696968,inserted
26,3695386,inserted
26,3694893,inserted
26,3692287,inserted
26,3691811,inserted
26,3690623,inserted
26,3690525,inserted
26,3690266,inserted
26,3689598,inserted
26,3687888,inserted
26,3687406,inserted
26,3686012,inserted
26,3680264,inserted
26,3680192,inserted
26,3679902,inserted
26,3679835,inserted
26,3679264,inserted
26,3679015,inserted
26,3678529,inserted
26,3678483,inserted
26,3677844,inserted
26,3677184,inserted
26,3672992,inserted
26,3656766,inserted
26,3652996,inserted
26,3631406,inserted
26,3113475,inserted
26,3690910,inserted
26,3677505,inserted
26,3677440,inserted
26,3676312,inserted
26,3675945,inserted
26,3675235,inserted
26,3673554,inserted
26,3672983,inserted
26,3672970,inserted
26,3672334,inserted
26,3672185,inserted
26,3670819,inserted
26,3669876,inserted
26,3668669,inserted
26,3668586,inserted
26,3667874,inserted
26,3666206,inserted
26,3665853,inserted
26,3665839,inserted
26,3665742,inserted
26,3664988,inserted
26,3663722,inserted
26,3662121,inserted
26,3661615,inserted
26,3661019,inserted
26,3660861,inserted
26,3660764,inserted
26,3660626,inserted
26,3660327,inserted
26,3660252,inserted
26,3659627,inserted
26,3658071,inserted
26,3657814,inserted
26,3657564,inserted
26,3657533,inserted
26,3657501,inserted
26,3656966,inserted
26,3656922,inserted
26,3650531,inserted
26,3625856,inserted
26,3618409,inserted
26,3589043,inserted
26,3569461,inserted
26,3553881,inserted
26,3455938,inserted
26,3668906,inserted
26,3673603,inserted
26,3672984,inserted
26,3672725,inserted
26,3642355,inserted
26,3655713,inserted
26,3654656,inserted
26,3654585,inserted
26,3653127,inserted
26,3652665,inserted
26,3651245,inserted
26,3650538,inserted
26,3650119,inserted
26,3649453,inserted
26,3647954,inserted
26,3645399,inserted
26,3643292,inserted
26,3642724,inserted
26,3639124,inserted
26,3639119,inserted
26,3639072,inserted
26,3638550,inserted
26,3636799,inserted
26,3636697,inserted
26,3636161,inserted
26,3635745,inserted
26,3631419,inserted
26,3620784,inserted
26,3589589,inserted
27,3533066,inserted
27,3646702,inserted
27,3630106,inserted
27,3629446,inserted
27,3628972,inserted
27,3628378,inserted
27,3627975,inserted
27,3626190,inserted
27,3625916,inserted
27,3624509,inserted
27,3622343,inserted
27,3622286,inserted
27,3620512,inserted
27,3620183,inserted
27,3617563,inserted
27,3616626,inserted
27,3613905,inserted
27,3613431,inserted
27,3611445,inserted
27,3608790,inserted
27,3606329,inserted
27,3534159,inserted
27,3608985,inserted
27,3608722,inserted
27,3605838,inserted
27,3602936,inserted
27,3599993,inserted
27,3598734,inserted
27,3598646,inserted
27,3596446,inserted
27,3595430,inserted
27,3593071,inserted
27,3585445,inserted
27,3581965,inserted
27,3577148,inserted
27,3601838,inserted
27,3591255,inserted
27,3589789,inserted
27,3589670,inserted
27,3588723,inserted
27,3588631,inserted
27,3586320,inserted
27,3585318,inserted
27,3584293,inserted
27,3582388,inserted
27,3581208,inserted
27,3580709,inserted
27,3579914,inserted
27,3578700,inserted
27,3574555,inserted
27,3572222,inserted
27,3489869,inserted
27,3353396,inserted
27,2798330,inserted
27,3570048,inserted
27,3570012,inserted
27,3569662,inserted
27,3568552,inserted
27,3568394,inserted
27,3567735,inserted
27,3567443,inserted
27,3564789,inserted
27,3564787,inserted
27,3564593,inserted
27,3563935,inserted
27,3562439,inserted
27,3561861,inserted
27,3561638,inserted
27,3560212,inserted
27,3560020,inserted
27,3560016,inserted
27,3559479,inserted
27,3558784,inserted
27,3558518,inserted
27,3558192,inserted
27,3557350,inserted
27,3557335,inserted
27,3556272,inserted
27,3555722,inserted
27,3555719,inserted
27,3555673,inserted
27,3555635,inserted
27,3555508,inserted
27,3553798,inserted
27,3553797,inserted
27,3553148,inserted
27,3553096,inserted
27,3543932,inserted
27,3542323,inserted
27,3534314,inserted
27,3528699,inserted
27,3489871,inserted
27,3424384,inserted
27,3573891,inserted
27,3549551,inserted
27,3548160,inserted
27,3548096,inserted
27,3547948,inserted
27,3546148,inserted
27,3545856,inserted
28,3544733,inserted
28,3544570,inserted
28,3544211,inserted
28,3544058,inserted
28,3543272,inserted
28,3543239,inserted
28,3542878,inserted
28,3542721,inserted
28,3541640,inserted
28,3539576,inserted
28,3538912,inserted
28,3538359,inserted
28,3537111,inserted
28,3536812,inserted
28,3535803,inserted
28,3535441,inserted
28,3535176,inserted
28,3534496,inserted
28,3533211,inserted
28,3532853,inserted
28,3532590,inserted
28,3531931,inserted
28,3531858,inserted
28,3531503,inserted
28,3531460,inserted
28,3530614,inserted
28,3526136,inserted
28,3516086,inserted
28,3538706,inserted
28,3529919,inserted
28,3529626,inserted
28,3528689,inserted
28,3528123,inserted
28,3528121,inserted
28,3527951,inserted
28,3527118,inserted
28,3526410,inserted
28,3526260,inserted
28,3525221,inserted
28,3525153,inserted
28,3523305,inserted
28,3523077,inserted
28,3522421,inserted
28,3522286,inserted
28,3521042,inserted
28,3519014,inserted
28,3517922,inserted
28,3517755,inserted
28,3516810,inserted
28,3516010,inserted
28,3513668,inserted
28,3513457,inserted
28,3511299,inserted
28,3510773,inserted
28,3510373,inserted
28,3509472,inserted
28,3501845,inserted
28,3487591,inserted
28,3446650,inserted
28,3445565,inserted
28,3526022,inserted
28,3521498,inserted
28,3509788,inserted
28,3507754,inserted
28,3507729,inserted
28,3506764,inserted
28,3506603,inserted
28,3506098,inserted
28,3506069,inserted
28,3505884,inserted
28,3505170,inserted
28,3504845,inserted
28,3504217,inserted
28,3503269,inserted
28,3500519,inserted
28,3498976,inserted
28,3498755,inserted
28,3497422,inserted
28,3496707,inserted
28,3496250,inserted
28,3496247,inserted
28,3495791,inserted
28,3495690,inserted
28,3491513,inserted
28,3491052,inserted
28,3491025,inserted
28,3490968,inserted
28,3490451,inserted
28,3489959,inserted
28,3487698,inserted
28,3487520,inserted
28,3486906,inserted
28,3486893,inserted
28,3486694,inserted
28,3486160,inserted
28,3485975,inserted
28,3485039,inserted
28,3481159,inserted
28,3480402,inserted
28,3480026,inserted
29,3467273,inserted
29,3460731,inserted
29,3418560,inserted
29,3395038,inserted
29,3510592,inserted
29,3510300,inserted
29,3502327,inserted
29,3493549,inserted
29,3491503,inserted
29,3486247,inserted
29,3486212,inserted
29,3485064,inserted
29,3484651,inserted
29,3484399,inserted
29,3484381,inserted
29,3483548,inserted
29,3483437,inserted
29,3482557,inserted
29,3482379,inserted
29,3482000,inserted
29,3481730,inserted
29,3480361,inserted
29,3480058,inserted
29,3479751,inserted
29,3479662,inserted
29,3478929,inserted
29,3478491,inserted
29,3477417,inserted
29,3477020,inserted
29,3475966,inserted
29,3474629,inserted
29,3473000,inserted
29,3471811,inserted
29,3471093,inserted
29,3469839,inserted
29,3469772,inserted
29,3469186,inserted
29,3469081,inserted
29,3469055,inserted
29,3468747,inserted
29,3468043,inserted
29,3467922,inserted
29,3466341,inserted
29,3465718,inserted
29,3465262,inserted
29,3464954,inserted
29,3456907,inserted
29,3454961,inserted
29,3441364,inserted
29,3429917,inserted
29,3425327,inserted
29,3371099,inserted
29,3221693,inserted
29,3482551,inserted
29,3481999,inserted
29,3465298,inserted
29,3465160,inserted
29,3464628,inserted
29,3464564,inserted
29,3464425,inserted
29,3463822,inserted
29,3463363,inserted
29,3463212,inserted
29,3462555,inserted
29,3462430,inserted
29,3462421,inserted
29,3462222,inserted
29,3461479,inserted
29,3460957,inserted
29,3460921,inserted
29,3460600,inserted
29,3460511,inserted
29,3459694,inserted
29,3459266,inserted
29,3459265,inserted
29,3459260,inserted
29,3459202,inserted
29,3459053,inserted
29,3458705,inserted
29,3458590,inserted
29,3458089,inserted
29,3457915,inserted
29,3457117,inserted
29,3456970,inserted
29,3456600,inserted
29,3456489,inserted
29,3456264,inserted
29,3455977,inserted
29,3455766,inserted
29,3455470,inserted
29,3454862,inserted
29,3452812,inserted
29,3452737,inserted
29,3452056,inserted
29,3451706,inserted
29,3451087,inserted
29,3450262,inserted
29,3447309,inserted
29,3444853,inserted
29,3444302,inserted
30,3443033,inserted
30,3421437,inserted
30,3380739,inserted
30,3241171,inserted
30,3456797,inserted
30,3441592,inserted
30,3441313,inserted
30,3440968,inserted
30,3440710,inserted
30,3440563,inserted
30,3440476,inserted
30,3439431,inserted
30,3439317,inserted
30,3438932,inserted
30,3438818,inserted
30,3437794,inserted
30,3437410,inserted
30,3436588,inserted
30,3435339,inserted
30,3435022,inserted
30,3434213,inserted
30,3430130,inserted
30,3429787,inserted
30,3429715,inserted
30,3429654,inserted
30,3428032,inserted
30,3426558,inserted
30,3426421,inserted
30,3426128,inserted
30,3425716,inserted
30,3425181,inserted
30,3424931,inserted
30,3424867,inserted
30,3424806,inserted
30,3424576,inserted
30,3423699,inserted
30,3422673,inserted
30,3422544,inserted
30,3422350,inserted
30,3402775,inserted
30,3442587,inserted
30,3440880,inserted
30,3421342,inserted
30,3420972,inserted
30,3420838,inserted
30,3420079,inserted
30,3418311,inserted
30,3417390,inserted
30,3416432,inserted
30,3416381,inserted
30,3415807,inserted
30,3415332,inserted
30,3413730,inserted
30,3413494,inserted
30,3412749,inserted
30,3411672,inserted
30,3411309,inserted
30,3408263,inserted
30,3404998,inserted
30,3404671,inserted
30,3404529,inserted
30,3404338,inserted
30,3404170,inserted
30,3404116,inserted
30,3403916,inserted
30,3403709,inserted
30,3403373,inserted
30,3402852,inserted
30,3402771,inserted
30,3401821,inserted
30,3401732,inserted
30,3401731,inserted
30,3400374,inserted
30,3399399,inserted
30,3397669,inserted
30,3386267,inserted
30,3371479,inserted
30,3354262,inserted
30,3404782,inserted
30,3397518,inserted
30,3397432,inserted
30,3396596,inserted
30,3394056,inserted
30,3393928,inserted
30,3392593,inserted
30,3391634,inserted
30,3390934,inserted
30,3386971,inserted
30,3385936,inserted
30,3385665,inserted
30,3383548,inserted
30,3382780,inserted
30,3381551,inserted
30,3381522,inserted
30,3381507,inserted
30,3381491,inserted
30,3381476,inserted
30,3381078,inserted
30,3380847,inserted
30,3380841,inserted
31,3380740,inserted
31,3378962,inserted
31,3377873,inserted
31,3377394,inserted
31,3376229,inserted
31,3374638,inserted
31,3374626,inserted
31,3373569,inserted
31,3370336,inserted
31,3368462,inserted
31,3350268,inserted
31,3342762,inserted
31,3256688,inserted
31,3220407,inserted
31,3280726,inserted
31,3374309,inserted
31,3371338,inserted
31,3371174,inserted
31,3371011,inserted
31,3370832,inserted
31,3369125,inserted
31,3368595,inserted
31,3366948,inserted
31,3364785,inserted
31,3364453,inserted
31,3362177,inserted
31,3362005,inserted
31,3360029,inserted
31,3359988,inserted
31,3359416,inserted
31,3357963,inserted
31,3356177,inserted
31,3356124,inserted
31,3353389,inserted
31,3353210,inserted
31,3352939,inserted
31,3352788,inserted
31,3352202,inserted
31,3351183,inserted
31,3348188,inserted
31,3352858,inserted
31,3351583,inserted
31,3351513,inserted
31,3351209,inserted
31,3351193,inserted
31,3350656,inserted
31,3350464,inserted
31,3350260,inserted
31,3350218,inserted
31,3350123,inserted
31,3349832,inserted
31,3349153,inserted
31,3348560,inserted
31,3347183,inserted
31,3346644,inserted
31,3345577,inserted
31,3344774,inserted
31,3341825,inserted
31,3340481,inserted
31,3339851,inserted
31,3337545,inserted
31,3326130,inserted
31,3316033,inserted
31,3285002,inserted
31,3280592,inserted
31,3167633,inserted
31,2983436,inserted
31,3335420,inserted
31,3335417,inserted
31,3334804,inserted
31,3334423,inserted
31,3333757,inserted
31,3333700,inserted
31,3333338,inserted
31,3332639,inserted
31,3332268,inserted
31,3330951,inserted
31,3328462,inserted
31,3327501,inserted
31,3327482,inserted
31,3325768,inserted
31,3322957,inserted
31,3322860,inserted
31,3321805,inserted
31,3320640,inserted
31,3319810,inserted
31,3316504,inserted
31,3316233,inserted
31,3316087,inserted
31,3314273,inserted
31,3312709,inserted
31,3308357,inserted
31,3307086,inserted
31,3304434,inserted
31,3293341,inserted
31,3289487,inserted
31,2675395,inserted
31,3312059,inserted
31,3310913,inserted
31,3308871,inserted
32,3308461,inserted
32,3308067,inserted
32,3307712,inserted
32,3304383,inserted
32,3302799,inserted
32,3302226,inserted
32,3301268,inserted
32,3301130,inserted
32,3300186,inserted
32,3299100,inserted
32,3296771,inserted
32,3296569,inserted
32,3295364,inserted
32,3293915,inserted
32,3293861,inserted
32,3292664,inserted
32,3292653,inserted
32,3292470,inserted
32,3291688,inserted
32,3291463,inserted
32,3288768,inserted
32,3288359,inserted
32,3288266,inserted
32,3287222,inserted
32,3279001,inserted
32,3257101,inserted
32,3313263,inserted
32,3311754,inserted
32,3300800,inserted
32,3286437,inserted
32,3285252,inserted
32,3283844,inserted
32,3283842,inserted
32,3283370,inserted
32,3282412,inserted
32,3282384,inserted
32,3282111,inserted
32,3281414,inserted
32,3281377,inserted
32,3280402,inserted
32,3280390,inserted
32,3280134,inserted
32,3279947,inserted
32,3279487,inserted
32,3277174,inserted
32,3271310,inserted
32,3271260,inserted
32,3270817,inserted
32,3270365,inserted
32,3269025,inserted
32,3268803,inserted
32,3268555,inserted
32,3267826,inserted
32,3267780,inserted
32,3266873,inserted
32,3266185,inserted
32,3265735,inserted
32,3235733,inserted
32,3233247,inserted
32,2868686,inserted
32,3259469,inserted
32,3259437,inserted
32,3259250,inserted
32,3259176,inserted
32,3257997,inserted
32,3254666,inserted
32,3248577,inserted
32,3247714,inserted
32,3246703,inserted
32,3245499,inserted
32,3243523,inserted
32,3242977,inserted
32,3242616,inserted
32,3241666,inserted
32,3237645,inserted
32,3232004,inserted
32,3219286,inserted
32,3185509,inserted
32,3079217,inserted
32,3258116,inserted
32,3254622,inserted
32,3247781,inserted
32,3246563,inserted
32,3239719,inserted
32,3239611,inserted
32,3238710,inserted
32,3237487,inserted
32,3234796,inserted
32,3234283,inserted
32,3232002,inserted
32,3229656,inserted
32,3227154,inserted
32,3226720,inserted
32,3222495,inserted
32,3221957,inserted
32,3221767,inserted
32,3221750,inserted
32,3221492,inserted
32,3220614,inserted
32,3219809,inserted
